id,catalog_status,name,provider,domains,unit_of_observation,time_span,access_url,access_cost,strongest_use,used_by_count,source_path
asif,grounding,Annual Survey of Industrial Firms (ASIF; China Industrial Enterprise Database),"National Bureau of Statistics of China (NBS); researchers often obtain processed editions through CAJ, CNRDS, or CSMAR",firm; trade; IO; development; macro; labor; innovation,Firm-year (unbalanced panel; firms are linked across years using enterprise identifiers),1998–2013,https://microdata.stats.gov.cn/,mixed,"Productivity, entry and exit, ownership and policy impacts of industrial enterprises above designated size from 1998 to 2013",11,datasets/asif.md
cfps,ready,China Family Panel Studies (CFPS),"Institute of Social Science Survey, Peking University (ISSS, Institute of Social Science Survey, Peking University)",labor; development; health; education; consumption; public; sociology; demography,Individual-year/Family-year/Community-year (three-tier tracking design),2010–ongoing (confirmed through 2022),https://cfpsdata.pku.edu.cn/#/home,free,"Whole-family tracking from childhood to old age, as well as joint research on income, education, health and family relationships",6,datasets/cfps.md
cgss,ready,China General Social Survey (CGSS),"National Survey Research Center at Renmin University of China (NSRC, National Survey Research Center at Renmin University of China)",sociology; public; labor; health; governance; development; demography,"Individuals (Adults 18+) - Years (repeated cross-section, non-trace panel)",2003–ongoing (confirmed through 2021),http://cnsda.ruc.edu.cn/,free,"Nationally replicated cross-section of adult social attitudes, trust in government, sense of fairness, subjective class, and values",3,datasets/cgss.md
charls,ready,China Health and Retirement Longitudinal Study (CHARLS),"National School of Development, Peking University (NSD, National School of Development, Peking University)",health; labor; development; public; aging; consumption; sociology,Individual-year/Family-year/Community-year (middle-aged and elderly people aged 45 and above and their spouses),2011–ongoing (confirmed through 2022),https://opendata.pku.edu.cn/,free,"Health, cognition, retirement, pensions and intergenerational care in people aged 45 and over, including physical and selected biomarkers",5,datasets/charls.md
chfs,ready,China Household Finance Survey (CHFS),"Survey and Research Center for China Household Finance (SWUFE), Southwestern University of Finance and Economics",finance; labor; consumption; housing; development; public,Household-Year/Individual-Year (Tracking Panel Design),2011–ongoing (confirmed through 2021),https://chfs.swufe.edu.cn/sjzx.htm,free,"A balance sheet study of household properties, financial assets, liabilities, credit constraints, and entrepreneurship",2,datasets/chfs.md
china-air-quality-monitoring,grounding,China National Ambient Air Quality Monitoring Data (CNEMC/MEE),China Environmental Monitoring Center (CNEMC) and Ministry of Ecology and Environment (MEE),environment; health; public; urban; finance,Monitoring station-hour/city-day/city-month,2000–ongoing (confirmed through 2026-05 monthly report),https://www.mee.gov.cn/hjzl/dqhj/,mixed,Short-term air pollution exposure at city or monitoring station level,2,datasets/china-air-quality-monitoring.md
china-census,grounding,China Census (Population Census/National 1% Population Sample Survey),"National Bureau of Statistics (NBS, National Bureau of Statistics of China)",labor; demography; development; public; macro; health; education,Individual/family household/collective household (micro level); can be aggregated to counties/cities/provinces,Large census: 1990 (fourth census)/2000 (fifth census)/2010 (sixth census)/2020 (seventh census); minor census (1%): 1995/2005/2015; and 1982 (third census) and earlier historical censuses,https://data.stats.gov.cn/,"Summary table: free (published on the National Bureau of Statistics website); Micro data: by-application (academic research only, confidentiality agreement required)","County/city/provincial measures of population migration matrix, sex ratio and population structure",6,datasets/china-census.md
china-customs,grounding,China Customs Trade Statistics (CCTS),General Administration of Customs of China; researchers often obtain the processed version through the EPS China Microeconomic Data Query System,trade; IO; firm; development; macro,"Enterprise-Product-Import and Export Country-Transaction (at the level of customs declaration, which can be summed up to Enterprise-Year/Product-Year)","2000–2017 (different platform versions vary slightly, core range 2000–2016)",http://microdata.sozdata.com/,PAID (university libraries often have subscriptions),"Extended/intensive margin, product quality and global value chain measures of firm-product-destination trade",3,datasets/china-customs.md
china-firm-pollution,grounding,Environmental Survey of Industrial Firms,Department of Ecology and Environment and National Statistics Department; research often uses academic institutions or commercial platforms to compile versions,environment; firm; development; IO; trade,Enterprise-Year,1998–2014,http://microdata.sozdata.com/,mixed,"The impact of environmental regulations on corporate emissions, productivity, employment, entry and exit",3,datasets/china-firm-pollution.md
china-io-table,ready,China Input-Output Tables,National Bureau of Statistics (NBS); Chinese Academy of Sciences/National Information Center and other institutions prepare inter-provincial/multi-regional extended version,IO; trade; macro; firm; environment; development,industry-industry (product division × product division) or province-industry-province-industry (interprovincial/multi-regional version),1987–ongoing (confirmed through 2022),https://data.stats.gov.cn/,mixed,"Industry upstream and downstream input relationships, inter-provincial trade flows and structural model calibration",2,datasets/china-io-table.md
china-land-transaction,grounding,China Land Market Data (China Land Transaction Data/China Land Transfer Data),"Public announcement on the China Land Market Network (www.landchina.com) under the Ministry of Natural Resources (MNR, formerly the Ministry of Land and Resources MLR)",public; urban; housing; firm; development; macro; environment; finance,Land plot-transaction (land transfer/transfer records one by one),"2000-present (data coverage and quality improved significantly after the implementation of the bidding, auction and listing system in 2006; continuously updated)",https://www.landchina.com/,free (original disclosure information is public data; Batch scraping or structured data must be handled manually),"Plot-level land transfer prices, uses, methods and local government land supply behavior",3,datasets/china-land-transaction.md
china-patents,grounding,China Patent Data (CNIPA / SIPO),"National Intellectual Property Office (CNIPA, formerly SIPO); researchers often obtain processed versions through CSMAR/CNRDS/Hexiang Xinchuang/Patentics/Google Patents, etc.",innovation; firm; finance; trade; IO; development,Patent-year (patent-by-patent level); can be summed to company-year/industry-year/city-year,1985–ongoing,https://pss-system.cponline.cnipa.gov.cn/,"Original data: free (publicly available by CNIPA); Processed version: paid (subscriptions from CSMAR/CNRDS/Hexiang New Startups, etc.)","Enterprise/city innovation output, technology classification, inventor network and patent legal status",2,datasets/china-patents.md
china-pollution,deprecated,"China pollution data (old mixed entry, split)",multiple,environment,,unknown,,unknown,needs completion,0,datasets/china-pollution.md
china-satellite-pm25,grounding,Chinese satellite retrieval and fusion of PM2.5 data,Multiple independent products; including global satellite retrieval grid and Tracking Air Pollution in China (TAP) fusion product,environment; health; migration; urban; development,"Grid-day / Grid-year (can be summed to counties, cities, and provinces)",1998–ongoing,http://tapdata.org.cn/,free,"Long-term, nationwide continuous PM2.5 exposure before and after monitoring station construction",2,datasets/china-satellite-pm25.md
china-stat-yearbook,ready,China Statistical Yearbook System (including statistical yearbooks at national/provincial/municipal/county levels),National Bureau of Statistics (NBS) and provincial/municipal statistical bureaus,macro; development; public; labor; trade; finance; demography; IO,"National/provincial/city/county-year (aggregated statistics, not micro)",1981–ongoing (confirmed through 2025),https://data.stats.gov.cn/,mixed,"Provincial/city/county annual macro panel, regional results of policy DID and control variables",2,datasets/china-stat-yearbook.md
china-tax-survey,grounding,Chinese Enterprise Tax Survey Microdata,"China Enterprise Tax Investigation; The verified institutional/commercial versions are held by universities or provided by platforms, and the original investigation authorities and unified application channels still need to be verified.",tax; public-finance; firm; finance; trade; innovation,Enterprise-year (the cross-year connectability and desensitization rules of different holding versions need to be verified separately),2007–2020,https://econpub.xmu.edu.cn/elib/db_detail/23/,mixed,"Microscopic research on corporate tax burden, tax system reform, tax collection and management, tax incentives and business operations/investment/innovation",0,datasets/china-tax-survey.md
chip,ready,Chinese Household Income Project (CHIP),"China Household Income Survey Project; organized by the School of Economics and Business Administration of Beijing Normal University since 2007, and has cooperated with the survey system of the National Bureau of Statistics for several rounds",labor; development; consumption; inequality; poverty; public,"Individual/Family (three subsamples of urban, rural and post-2002 floating population)",1988–2018,http://chip.bnu.edu.cn/,free,"Long historical repeated cross-section of income distribution, poverty, wages and urban-rural gap in China from 1988 to 2018",0,datasets/chip.md
chns,ready,China Health and Nutrition Survey (CHNS),"Jointly implemented by the UNC Carolina Population Center and the Institute of Nutrition and Health, Chinese Center for Disease Control and Prevention (NINH, China CDC)",health; nutrition; labor; development; demography; sociology,Individual-Year/Family-Year/Community-Year (Track Panel Design),1989–ongoing (confirmed through 2018),https://www.cpc.unc.edu/projects/china,free,"Long panel of dietary intake, food prices, body measurements, and nutritional health since 1989",1,datasets/chns.md
cmds,ready,China Migrants Dynamic Survey (CMDS),"National Health Commission (NHC, formerly National Health and Family Planning Commission) Migrant Population Service Center",labor; migration; health; development; sociology; public,Individual-year (migrant population over 15 years old who has lived in the place of arrival for more than one month; repeated cross-sectional design),2009–2018,https://www.chinaldrk.org.cn/,free,"Large-sample annual repeated cross-sections of employment, residence, medical insurance, children's education and social integration of floating population from 2009 to 2018",2,datasets/cmds.md
csmar,ready,Guotai'an CSMAR China Economic and Financial Research Database,"Shenzhen Xishma Data Technology Co., Ltd.",finance; accounting; firm; governance; innovation; macro,Listed companies - day/month/quarter/year; securities - trading day; directors/executives - term of office; events - announcement date; macro indicators - period,1990–ongoing,https://data.csmar.com/,paid,"Research on finance, corporate governance, accounting and capital market events of Chinese listed companies",3,datasets/csmar.md
era5-land,ready,ERA5-Land land surface reanalysis meteorological data (ERA5-Land),Copernicus Climate Change Service（C3S）/ European Centre for Medium-Range Weather Forecasts（ECMWF）,environment; climate; geography; health; agriculture; urban; labor,Regular latitude and longitude grid-hour (can be aggregated by user into day/month or administrative area-period),1950-01–ongoing (confirmed through 2026-07-08),https://cds.climate.copernicus.eu/datasets/reanalysis-era5-land?tab=overview,registration,"Long-term, continuous, and spatially matchable exposure to high temperature, precipitation, wind speed, and soil moisture in China",0,datasets/era5-land.md
rfd,grounding,National Rural Fixed Point Survey (NFP/NFPS),"Research Center for Rural Economy, Ministry of Agriculture and Rural Affairs (RCRE, formerly Research Center for Rural Economy, Ministry of Agriculture)",agriculture; development; labor; land; public; migration,Farmer-year/Family member-year/Farmer-crop-year/Village-year,1986–unknown,https://www.rcre.agri.cn/,by-application,"A long-term panel study on rural land allocation, land rental and farmer household productivity",3,datasets/rfd.md
rhs,grounding,National Bureau of Statistics Rural Household Survey (RHS),National Bureau of Statistics Rural Household Survey System,development; labor; consumption; poverty; agriculture,Farmer-year/Family member-year,1986–2015,https://microdata.stats.gov.cn/,by-application,"Long-term annual analysis of rural household income, consumption, poverty and labor supply",0,datasets/rhs.md
uhs,grounding,China Urban Household Survey (UHS),"National Bureau of Statistics (NBS, National Bureau of Statistics of China)",labor; development; public; consumption; health; education; macro,"Household-Year/Individual-Year/Journal (three-layer structure, flexible aggregation)",1986–2015 (the commonly used version in academia ends around 2009; there are major changes in measurement definition around 2002),https://microdata.stats.gov.cn/,by-application,"NBS annual historical micro-study of urban household income, consumption, and employment, especially the design of mandatory retirement age",2,datasets/uhs.md
wind,grounding,Wind financial terminal,"Wind Information Co., Ltd.",finance; accounting; macro; firm; trade,Listed companies - daily/quarterly/annual; Macro indicators - monthly/quarterly/yearly; Banks - quarterly/yearly; Bonds - days; Fund - Day (Multi-level Structure),1990–ongoing,https://www.wind.com.cn/,"paid (institutional subscription, prices close to Bloomberg but lower for Chinese customers)","High-frequency data from China's capital markets, bonds, banking, and macroeconomics, as well as bulk query via terminal/API",4,datasets/wind.md
